<?xml version="1.0" encoding="UTF-8"?>
<project-private xmlns="http://www.netbeans.org/ns/project-private/1">
    <editor-bookmarks xmlns="http://www.netbeans.org/ns/editor-bookmarks/2" lastBookmarkId="0"/>
    <open-files xmlns="http://www.netbeans.org/ns/projectui-open-files/2">
        <group>
            <file>file:/C:/Users/raqui/OneDrive/Escritorio/SAD/projectes_SAD/editor_text/project1_mvc/src/project1_mvc/TestReadLine.java</file>
            <file>file:/C:/Users/raqui/OneDrive/Escritorio/SAD/projectes_SAD/editor_text/project1_mvc/src/project1_mvc/Console.java</file>
            <file>file:/C:/Users/raqui/OneDrive/Escritorio/SAD/projectes_SAD/editor_text/project1_mvc/src/project1_mvc/EditableBufferedReader.java</file>
            <file>file:/C:/Users/raqui/OneDrive/Escritorio/SAD/projectes_SAD/editor_text/project1_mvc/src/project1_mvc/Line.java</file>
        </group>
    </open-files>
</project-private>
